"E-mail","Username","Password","Hobby"
"user123@example.com","User123","chicStyle123","fashion and beauty"
"fashionista001@example.com","Fashionista001","elegantGuide456","fashion and beauty"
"chefpierre@example.com","ChefPierre","traditionalCook789","food and cooking"
"foodlover88@example.com","FoodLover88","secretRecipe101","food and cooking"
"animefan21@example.com","AnimeFan21","mangaLover102","manga and anime"
"mangalover77@example.com","MangaLover77","animeFan103","manga and anime"
"webtoonartist@example.com","WebtoonArtist","beginnerTips104","manhwa Webtoon and fanfiction"
"artistally@example.com","ArtistAlly","detailedArt105","manhwa Webtoon and fanfiction"
"greenfashionista@example.com","GreenFashionista","ethicalWardrobe106","fashion and beauty"
"ecochic@example.com","EcoChic","inspiringInfo107","fashion and beauty"
"quickcook@example.com","QuickCook","easyMeals108","food and cooking"
"busybee@example.com","BusyBee","fastRecipes109","food and cooking"
"otakumaster@example.com","OtakuMaster","animeDive110","manga and anime"
"animeaddict@example.com","AnimeAddict","recommendations111","manga and anime"
"fanficwriter@example.com","FanficWriter","engageReaders112","manhwa Webtoon and fanfiction"
"storylover@example.com","StoryLover","learnedNew113","manhwa Webtoon and fanfiction"
"makeupguru@example.com","MakeupGuru","beautyTrends114","fashion and beauty"
"beautyqueen@example.com","BeautyQueen","greatTips115","fashion and beauty"
"sketchartist@example.com","SketchArtist","easyDrawing116","manhwa Webtoon and fanfiction"
"artlover101@example.com","ArtLover101","clearGuide117","manhwa Webtoon and fanfiction"
"styleexpert@example.com","StyleExpert","springFashion118","fashion and beauty"
"trendychic@example.com","TrendyChic","usefulInspire119","fashion and beauty"
"homechef@example.com","HomeChef","italianDelights120","food and cooking"
"foodfanatic@example.com","FoodFanatic","deliciousExplain121","food and cooking"
"otakugirl@example.com","OtakuGirl","excitingAnime122","manga and anime"
"animefanatic@example.com","AnimeFanatic","topPicks123","manga and anime"
"fanfictionmaster@example.com","FanFictionMaster","basicIdeas124","manhwa Webtoon and fanfiction"
"writer101@example.com","Writer101","goodGuide125","manhwa Webtoon and fanfiction"
"simplicityqueen@example.com","SimplicityQueen","minimalStyle126","fashion and beauty"
"minimalistlover@example.com","MinimalistLover","loveStyle127","fashion and beauty"
"veggiechef@example.com","VeggieChef","simpleVeggie128","food and cooking"
"greeneater@example.com","GreenEater","perfectStart129","food and cooking"
"mangaexpert@example.com","MangaExpert","classicManga130","manga and anime"
"classicmangafan@example.com","ClassicMangaFan","greatRecs131","manga and anime"
"webtooncreator@example.com","WebtoonCreator","actionDraw132","manhwa Webtoon and fanfiction"
"actionartist@example.com","ActionArtist","dynamicScenes133","manhwa Webtoon and fanfiction"
"beautyguru@example.com","BeautyGuru","partyLook134","fashion and beauty"
"partyqueen@example.com","PartyQueen","occasionMakeup135","fashion and beauty"
"fashionplanner@example.com","FashionPlanner","organizedWardrobe136","fashion and beauty"
"organizedchic@example.com","OrganizedChic","practicalTips137","fashion and beauty"
"quickchef@example.com","QuickChef","deliciousFast138","food and cooking"
"busycook@example.com","BusyCook","yummyMeals139","food and cooking"
"animecritic@example.com","AnimeCritic","detailedGuide140","manga and anime"
"otakufan@example.com","OtakuFan","excitingWatch141","manga and anime"
"webtoonwriter@example.com","WebtoonWriter","captivateReaders142","manhwa Webtoon and fanfiction"
"storyteller@example.com","StoryTeller","usefulInfo143","manhwa Webtoon and fanfiction"
"ecofashion@example.com","EcoFashion","responsibleStyle144","fashion and beauty"
"greenfashionlover@example.com","GreenFashionLover","neededInspire145","fashion and beauty"
"sweetchef@example.com","SweetChef","simpleDesserts146","food and cooking"
"sweettooth@example.com","SweetTooth","easyFollow147","food and cooking"
"animeexpert@example.com","AnimeExpert","awaitedAnime148","manga and anime"
"animelover@example.com","AnimeLover","watchSoon149","manga and anime"
"webtoonartisttips@example.com","WebtoonArtistTips","memorableCharacters150","manhwa Webtoon and fanfiction"
"charactersketcher@example.com","CharacterSketcher","goodTutorial151","manhwa Webtoon and fanfiction"
"beautyenthusiast@example.com","BeautyEnthusiast","naturalBeauty152","fashion and beauty"
"naturalbeauty@example.com","NaturalBeauty","greatTips153","fashion and beauty"
"eventplanner@example.com","EventPlanner","partySuccess154","food and cooking"
"partyplanner@example.com","PartyPlanner","usefulExplain155","food and cooking"
"frenchchef@example.com","FrenchChef","timelessRecipes156","food and cooking"
"foodconnoisseur@example.com","FoodConnoisseur","tasteBuds157","food and cooking"
"topmanga@example.com","TopManga","mustRead158","manga and anime"
"mangalover2024@example.com","MangaLover2024","greatSelect159","manga and anime"
"artmaster@example.com","ArtMaster","realisticDraw160","manhwa Webtoon and fanfiction"
"expressionist@example.com","Expressionist","goodGuide161","manhwa Webtoon and fanfiction"
"summerstylist@example.com","SummerStylist","summerFashion162","fashion and beauty"
"sunchic@example.com","SunChic","perfectStyle163","fashion and beauty"
"asianchef@example.com","AsianChef","authenticEasy164","food and cooking"
"asianfoodie@example.com","AsianFoodie","deliciousSimple165","food and cooking"
"mangareviewer@example.com","MangaReviewer","awaitedManga166","manga and anime"
"newmangafan@example.com","NewMangaFan","greatRecs167","manga and anime"
"webtoonromance@example.com","WebtoonRomance","romanticScenes168","manhwa Webtoon and fanfiction"
"romanceartist@example.com","RomanceArtist","usefulTips169","manhwa Webtoon and fanfiction"
"skincareguru@example.com","SkinCareGuru","healthyGlow170","fashion and beauty"
"skinlover@example.com","SkinLover","greatAdvices171","fashion and beauty"
"styleadvisor@example.com","StyleAdvisor","alwaysChic172","fashion and beauty"
"stylishone@example.com","StylishOne","greatTips173","fashion and beauty"
"breakfastchef@example.com","BreakfastChef","easyNutritious174","food and cooking"
"earlybird@example.com","EarlyBird","perfectStart175","food and cooking"
"animereviewer@example.com","AnimeReviewer","markedAnime176","manga and anime"
"animewatcher@example.com","AnimeWatcher","greatSelect177","manga and anime"
"webtooncreatorguide@example.com","WebtoonCreatorGuide","engageReaders178","manhwa Webtoon and fanfiction"
"engagingartist@example.com","EngagingArtist","explainedWell179","manhwa Webtoon and fanfiction"
"autumnfashionista@example.com","AutumnFashionista","fallTrends180","fashion and beauty"
"fallfashion@example.com","FallFashion","greatSuggest181","fashion and beauty"
"healthybaker@example.com","HealthyBaker","healthyDesserts182","food and cooking"
"healthnut@example.com","HealthNut","deliciousAndGood183","food and cooking"
"mangahistorian@example.com","MangaHistorian","historyDive184","manga and anime"
"historicalfan@example.com","HistoricalFan","interestingRead185","manga and anime"
"webtoontechniques@example.com","WebtoonTechniques","improveDraw186","manhwa Webtoon and fanfiction"
"techniqueartist@example.com","TechniqueArtist","practicalTips187","manhwa Webtoon and fanfiction"
"sensitiveskinguru@example.com","SensitiveSkinGuru","gentleMakeup188","fashion and beauty"
"sensitivebeauty@example.com","SensitiveBeauty","perfectFit189","fashion and beauty"
"fashionorganizer@example.com","FashionOrganizer","wardrobeTips190","fashion and beauty"
"neatfreak@example.com","NeatFreak","practicalAdvice191","fashion and beauty"
"italiancook@example.com","ItalianCook","authenticTaste192","food and cooking"
"italianlover@example.com","ItalianLover","simpleDelicious193","food and cooking"
"animemangacritic@example.com","AnimeMangaCritic","mustWatch194","manga and anime"
"Email","Username","Password","Hobby"
"greekgeek@example.com","GreekGeek","historyBuff301","manhwa Webtoon and fanfiction"
"teddybearhugger@example.com","TeddyBearHugger","snuggleBuddy302","fashion and beauty"
"beachcomber21@example.com","BeachComber21","sandCastle303","manhwa Webtoon and fanfiction"
"tuneslover@example.com","TunesLover","melodyMaker304","manga and anime"
"knittingnovice@example.com","KnittingNovice","yarnCraft305","manhwa Webtoon and fanfiction"
"globetrotter92@example.com","Globetrotter92","worldExplorer306","manhwa Webtoon and fanfiction"
"historicalbuff@example.com","HistoricalBuff","pastPerfect307","manhwa Webtoon and fanfiction"
"flowerfanatic@example.com","FlowerFanatic","petalPower308","fashion and beauty"
"yogaguru101@example.com","YogaGuru101","peacefulPose309","food and cooking"
"vintagecollector@example.com","VintageCollector","retroStyle310","fashion and beauty"
"foodiefreak@example.com","FoodieFreak","tasteTest311","food and cooking"
"naturelover@example.com","NatureLover","outdoorFun312","manhwa Webtoon and fanfiction"
"craftychic@example.com","CraftyChic","diyProject313","fashion and beauty"
"wanderlust101@example.com","Wanderlust101","roamFree314","manhwa Webtoon and fanfiction"
"historylover@example.com","HistoryLover","ancientFinds315","manhwa Webtoon and fanfiction"
"plantparent@example.com","PlantParent","greenThumb316","manhwa Webtoon and fanfiction"
"fitnessfan@example.com","FitnessFan","activeLife317","manhwa Webtoon and fanfiction"
"stampcollector@example.com","StampCollector","rareFind318","manhwa Webtoon and fanfiction"
"chefextraordinaire@example.com","ChefExtraordinaire","gourmetDish319","food and cooking"
"outdoorenthusiast@example.com","OutdoorEnthusiast","trailBlaze320","manhwa Webtoon and fanfiction"
"musician101@example.com","Musician101","rhythmBeat321","manga and anime"
"diydiva@example.com","DIYDiva","craftMagic322","fashion and beauty"
"traveller92@example.com","Traveller92","journeyOn323","manhwa Webtoon and fanfiction"
"archaeologybuff@example.com","ArchaeologyBuff","digIt324","manhwa Webtoon and fanfiction"
"gardenqueen@example.com","GardenQueen","floralBeauty325","manhwa Webtoon and fanfiction"
"healthnut90@example.com","HealthNut90","fitnessFreak326","manhwa Webtoon and fanfiction"
"collector42@example.com","Collector42","prizedPossession327","manhwa Webtoon and fanfiction"
"masterchef@example.com","MasterChef","kitchenPro328","food and cooking"
"wildlifeenthusiast@example.com","WildlifeEnthusiast","natureLover329","manhwa Webtoon and fanfiction"
"musicjunkie@example.com","MusicJunkie","soundWave330","manga and anime"
"handmadehobbyist@example.com","HandmadeHobbyist","craftyHands331","fashion and beauty"
"adventureseeker@example.com","AdventureSeeker","worldWander332","manhwa Webtoon and fanfiction"
"plantlover@example.com","PlantLover","gardenGrow334","manhwa Webtoon and fanfiction"
"gymrat92@example.com","GymRat92","workoutFiend335","manhwa Webtoon and fanfiction"
"coincollector@example.com","CoinCollector","mintCondition336","manhwa Webtoon and fanfiction"
"culinaryexpert@example.com","CulinaryExpert","deliciousMeal337","food and cooking"
"forestwanderer@example.com","ForestWanderer","natureWalk338","manhwa Webtoon and fanfiction"
"musiclover@example.com","MusicLover","melodicTune339","manga and anime"
"artsandcraftsfan@example.com","ArtsAndCraftsFan","diyMagic340","fashion and beauty"
"jetsetter92@example.com","JetSetter92","airMiles341","manhwa Webtoon and fanfiction"
"historygeek@example.com","HistoryGeek","ancientArtifacts342","manhwa Webtoon and fanfiction"
"greenfingers@example.com","GreenFingers","plantLove343","manhwa Webtoon and fanfiction"
"fitnessenthusiast@example.com","FitnessEnthusiast","bodyFit344","manhwa Webtoon and fanfiction"
"antiquecollector@example.com","AntiqueCollector","vintageFind345","manhwa Webtoon and fanfiction"
"cookingconnoisseur@example.com","CookingConnoisseur","gourmetChef346","food and cooking"
"mountainclimber@example.com","MountainClimber","peakChallenge347","manhwa Webtoon and fanfiction"
"musicmaven@example.com","MusicMaven","harmonyBliss348","manga and anime"
"creativecrafter@example.com","CreativeCrafter","handmadeWonder349","fashion and beauty"
"explorer92@example.com","Explorer92","newAdventure350","manhwa Webtoon and fanfiction"
"historybuff101@example.com","HistoryBuff101","artifactHunt351","manhwa Webtoon and fanfiction"
"gardenenthusiast@example.com","GardenEnthusiast","bloomBeauty352","manhwa Webtoon and fanfiction"
"wellnesswarrior@example.com","WellnessWarrior","fitLife353","manhwa Webtoon and fanfiction"
"antiqueenthusiast@example.com","AntiqueEnthusiast","timelessTreasure354","manhwa Webtoon and fanfiction"
"culinaryartist@example.com","CulinaryArtist","tasteTest355","food and cooking"
"trailblazer92@example.com","TrailBlazer92","outdoorAdventure356","manhwa Webtoon and fanfiction"
"melodymaker@example.com","MelodyMaker","musicLove357","manga and anime"
"craftmaster@example.com","CraftMaster","diyProject358","fashion and beauty"
"travellover@example.com","TravelLover","globalTrek359","manhwa Webtoon and fanfiction"
"historian101@example.com","Historian101","pastEvents360","manhwa Webtoon and fanfiction"
"gardeningguru@example.com","GardeningGuru","gardenGlow361","manhwa Webtoon and fanfiction"